brand,name,link,image_url,price_discounted
아누아,[2024 어워즈] 아누아 어성초 수딩 토너 350ml +350ml 어워즈 한정기획(+스누피솜20매+복숭아마스크1매),https://www.oliveyoung.co.kr/store/goods/getGoodsDetail.do?goodsNo=A000000213907&dispCatNo=1000001000100130001&t_page=카테고리관&t_click=스킨/토너_전체__상품상세&t_number=1,https://image.oliveyoung.co.kr/cfimages/cf-goods/uploads/images/thumbnails/400/10/0000/0021/A00000021390707ko.png?l=ko,"49,000"
브링그린,[피지쓱싹] 브링그린 티트리시카수딩토너 500mL 기획/단품,https://www.oliveyoung.co.kr/store/goods/getGoodsDetail.do?goodsNo=A000000189181&dispCatNo=1000001000100130001&t_page=카테고리관&t_click=스킨/토너_전체__상품상세&t_number=2,https://image.oliveyoung.co.kr/cfimages/cf-goods/uploads/images/thumbnails/400/10/0000/0018/A00000018918108ko.jpg?l=ko,"27,000"
라네즈,[1등 속보습] 라네즈 크림스킨 170ml 리필+미스트 펌프 기획 (+170ml 리필+미스트펌프 증정),https://www.oliveyoung.co.kr/store/goods/getGoodsDetail.do?goodsNo=A000000217582&dispCatNo=1000001000100130001&t_page=카테고리관&t_click=스킨/토너_전체__상품상세&t_number=3,https://image.oliveyoung.co.kr/cfimages/cf-goods/uploads/images/thumbnails/400/10/0000/0021/A00000021758232ko.jpg?l=ko,"33,000"
라운드랩,[1등토너] 라운드랩 1025 독도 토너 500ml 기획 (+100ml),https://www.oliveyoung.co.kr/store/goods/getGoodsDetail.do?goodsNo=A000000137180&dispCatNo=1000001000100130001&t_page=카테고리관&t_click=스킨/토너_전체__상품상세&t_number=4,https://image.oliveyoung.co.kr/cfimages/cf-goods/uploads/images/thumbnails/400/10/0000/0013/A00000013718037ko.jpg?l=ko,"30,000"
라로슈포제,라로슈포제 시카플라스트 로션 B5 판테놀 시카에센스 토너 200ml,https://www.oliveyoung.co.kr/store/goods/getGoodsDetail.do?goodsNo=A000000159921&dispCatNo=1000001000100130001&t_page=카테고리관&t_click=스킨/토너_전체__상품상세&t_number=5,https://image.oliveyoung.co.kr/cfimages/cf-goods/uploads/images/thumbnails/400/10/0000/0015/A00000015992110ko.jpg?l=ko,"36,000"
토리든,[단독기획] 토리든 다이브인 저분자 히알루론산 토너 300ml 기획(+100ml 추가 증정),https://www.oliveyoung.co.kr/store/goods/getGoodsDetail.do?goodsNo=A000000170266&dispCatNo=1000001000100130001&t_page=카테고리관&t_click=스킨/토너_전체__상품상세&t_number=6,https://image.oliveyoung.co.kr/cfimages/cf-goods/uploads/images/thumbnails/400/10/0000/0017/A00000017026612ko.jpg?l=ko,"21,000"
바이오더마,바이오더마 하이드라비오 토너 500ml,https://www.oliveyoung.co.kr/store/goods/getGoodsDetail.do?goodsNo=A000000174370&dispCatNo=1000001000100130001&t_page=카테고리관&t_click=스킨/토너_전체__상품상세&t_number=7,https://image.oliveyoung.co.kr/cfimages/cf-goods/uploads/images/thumbnails/400/10/0000/0017/A00000017437014ko.jpg?l=ko,"38,000"
넘버즈인,[쿨링진정]넘버즈인 1번 진정 맑게담은 청초토너 300ml 리필기획(+300ml 증정),https://www.oliveyoung.co.kr/store/goods/getGoodsDetail.do?goodsNo=A000000190395&dispCatNo=1000001000100130001&t_page=카테고리관&t_click=스킨/토너_전체__상품상세&t_number=8,https://image.oliveyoung.co.kr/cfimages/cf-goods/uploads/images/thumbnails/400/10/0000/0019/A00000019039510ko.jpg?l=ko,"40,000"
바이오더마,바이오더마 하이드라비오 토너 500ml 기획(+250ml 증정),https://www.oliveyoung.co.kr/store/goods/getGoodsDetail.do?goodsNo=A000000226081&dispCatNo=1000001000100130001&t_page=카테고리관&t_click=스킨/토너_전체__상품상세&t_number=9,https://image.oliveyoung.co.kr/cfimages/cf-goods/uploads/images/thumbnails/400/10/0000/0022/A00000022608101ko.jpg?l=ko,"38,000"
넘버즈인,[모공개선/탄력광채] 넘버즈인 3번 결광가득 에센스 토너 300ml 대용량 기획,https://www.oliveyoung.co.kr/store/goods/getGoodsDetail.do?goodsNo=A000000173589&dispCatNo=1000001000100130001&t_page=카테고리관&t_click=스킨/토너_전체__상품상세&t_number=10,https://image.oliveyoung.co.kr/cfimages/cf-goods/uploads/images/thumbnails/400/10/0000/0017/A00000017358912ko.jpg?l=ko,"32,000"
더랩바이블랑두,[속보습] 더랩바이블랑두 올리고 히알루론산 딥 토너 500ml 대용량 기획 (+100ml),https://www.oliveyoung.co.kr/store/goods/getGoodsDetail.do?goodsNo=A000000207054&dispCatNo=1000001000100130001&t_page=카테고리관&t_click=스킨/토너_전체__상품상세&t_number=11,https://image.oliveyoung.co.kr/cfimages/cf-goods/uploads/images/thumbnails/400/10/0000/0020/A00000020705410ko.png?l=ko,"37,000"
웰라쥬,[첫수분토너] 웰라쥬 리얼 히알루로닉 100 토너 300ml 기획 (+화장솜 60매),https://www.oliveyoung.co.kr/store/goods/getGoodsDetail.do?goodsNo=A000000188874&dispCatNo=1000001000100130001&t_page=카테고리관&t_click=스킨/토너_전체__상품상세&t_number=12,https://image.oliveyoung.co.kr/cfimages/cf-goods/uploads/images/thumbnails/400/10/0000/0018/A00000018887434ko.jpg?l=ko,"28,000"
라운드랩,[1+1+파우치] 라운드랩 1025 독도토너 300ml 1+1기획 (+누누씨파우치),https://www.oliveyoung.co.kr/store/goods/getGoodsDetail.do?goodsNo=A000000226492&dispCatNo=1000001000100130001&t_page=카테고리관&t_click=스킨/토너_전체__상품상세&t_number=13,https://image.oliveyoung.co.kr/cfimages/cf-goods/uploads/images/thumbnails/400/10/0000/0022/A00000022649204ko.jpg?l=ko,"29,800"
에스네이처,[수분진정/화해1위] 에스네이처 아쿠아 오아시스 토너 300ml 기획 (+젤크림 30ml),https://www.oliveyoung.co.kr/store/goods/getGoodsDetail.do?goodsNo=A000000213171&dispCatNo=1000001000100130001&t_page=카테고리관&t_click=스킨/토너_전체__상품상세&t_number=14,https://image.oliveyoung.co.kr/cfimages/cf-goods/uploads/images/thumbnails/400/10/0000/0021/A00000021317179ko.jpg?l=ko,"24,000"
라로슈포제,라로슈포제 에빠끌라 K(+) 토너 200ml (지성 피부),https://www.oliveyoung.co.kr/store/goods/getGoodsDetail.do?goodsNo=A000000152514&dispCatNo=1000001000100130001&t_page=카테고리관&t_click=스킨/토너_전체__상품상세&t_number=15,https://image.oliveyoung.co.kr/cfimages/cf-goods/uploads/images/thumbnails/400/10/0000/0015/A00000015251403ko.jpg?l=ko,"36,000"
라운드랩,[수분생기] 라운드랩 자작나무 수분 토너 1+1 기획 (300ml+300ml),https://www.oliveyoung.co.kr/store/goods/getGoodsDetail.do?goodsNo=A000000157178&dispCatNo=1000001000100130001&t_page=카테고리관&t_click=스킨/토너_전체__상품상세&t_number=16,https://image.oliveyoung.co.kr/cfimages/cf-goods/uploads/images/thumbnails/400/10/0000/0015/A00000015717818ko.jpg?l=ko,"24,000"
토니모리,토니모리 원더 세라마이드 모찌 토너 500ml 기획 (+100ml +크림 30ml),https://www.oliveyoung.co.kr/store/goods/getGoodsDetail.do?goodsNo=A000000224086&dispCatNo=1000001000100130001&t_page=카테고리관&t_click=스킨/토너_전체__상품상세&t_number=17,https://image.oliveyoung.co.kr/cfimages/cf-goods/uploads/images/thumbnails/400/10/0000/0022/A00000022408601ko.png?l=ko,"17,000"
에스트라,에스트라 에이시카365 수분토너 pH4.5 200ml,https://www.oliveyoung.co.kr/store/goods/getGoodsDetail.do?goodsNo=A000000218549&dispCatNo=1000001000100130001&t_page=카테고리관&t_click=스킨/토너_전체__상품상세&t_number=18,https://image.oliveyoung.co.kr/cfimages/cf-goods/uploads/images/thumbnails/400/10/0000/0021/A00000021854907ko.jpg?l=ko,"28,000"
헤이네이처,[NEW] 헤이네이처 어성초 스킨 토너 150ml 기획 (+어성초 마스크 2매),https://www.oliveyoung.co.kr/store/goods/getGoodsDetail.do?goodsNo=A000000219435&dispCatNo=1000001000100130001&t_page=카테고리관&t_click=스킨/토너_전체__상품상세&t_number=19,https://image.oliveyoung.co.kr/cfimages/cf-goods/uploads/images/thumbnails/400/10/0000/0021/A00000021943510ko.jpg?l=ko,"25,000"
디오디너리,디오디너리 글리코릭 애시드 7% 엑스폴리에이팅 토너 100ml,https://www.oliveyoung.co.kr/store/goods/getGoodsDetail.do?goodsNo=A000000223627&dispCatNo=1000001000100130001&t_page=카테고리관&t_click=스킨/토너_전체__상품상세&t_number=20,https://image.oliveyoung.co.kr/cfimages/cf-goods/uploads/images/thumbnails/400/10/0000/0022/A00000022362703ko.jpg?l=ko,"10,900"
아비브,[쿨링진정] 아비브 어성초 카밍 토너 스킨부스터 더블 기획 (200ml+200ml),https://www.oliveyoung.co.kr/store/goods/getGoodsDetail.do?goodsNo=A000000155253&dispCatNo=1000001000100130001&t_page=카테고리관&t_click=스킨/토너_전체__상품상세&t_number=21,https://image.oliveyoung.co.kr/cfimages/cf-goods/uploads/images/thumbnails/400/10/0000/0015/A00000015525321ko.jpg?l=ko,"39,000"
아누아,[단독기획] 아누아 어성초 77 수딩 토너 250ml 기획 (+로션 100ml),https://www.oliveyoung.co.kr/store/goods/getGoodsDetail.do?goodsNo=A000000216350&dispCatNo=1000001000100130001&t_page=카테고리관&t_click=스킨/토너_전체__상품상세&t_number=22,https://image.oliveyoung.co.kr/cfimages/cf-goods/uploads/images/thumbnails/400/10/0000/0021/A00000021635003ko.png?l=ko,"25,000"
인터미션,[단독기획]인터미션 레스트업 세럼스킨 290ml,https://www.oliveyoung.co.kr/store/goods/getGoodsDetail.do?goodsNo=A000000210924&dispCatNo=1000001000100130001&t_page=카테고리관&t_click=스킨/토너_전체__상품상세&t_number=23,https://image.oliveyoung.co.kr/cfimages/cf-goods/uploads/images/thumbnails/400/10/0000/0021/A00000021092405ko.jpg?l=ko,"27,200"
메디큐브,[흔적미백]메디큐브 PDRN 핑크 시카 수딩 토너 250ml,https://www.oliveyoung.co.kr/store/goods/getGoodsDetail.do?goodsNo=A000000213492&dispCatNo=1000001000100130001&t_page=카테고리관&t_click=스킨/토너_전체__상품상세&t_number=24,https://image.oliveyoung.co.kr/cfimages/cf-goods/uploads/images/thumbnails/400/10/0000/0021/A00000021349201ko.jpg?l=ko,"26,500"
