brand,name,link,image_url,price
브링그린,[피지쓱싹] 브링그린 티트리시카수딩토너 500mL 기획/단품,https://www.oliveyoung.co.kr/store/goods/getGoodsDetail.do?goodsNo=A000000189181&dispCatNo=1000001000100130001&t_page=카테고리관&t_click=스킨/토너_전체__상품상세&t_number=1,https://image.oliveyoung.co.kr/cfimages/cf-goods/uploads/images/thumbnails/400/10/0000/0018/A00000018918108ko.jpg?l=ko,
라운드랩,[1등토너] 라운드랩 1025 독도 토너 500ml 기획 (+100ml),https://www.oliveyoung.co.kr/store/goods/getGoodsDetail.do?goodsNo=A000000137180&dispCatNo=1000001000100130001&t_page=카테고리관&t_click=스킨/토너_전체__상품상세&t_number=2,https://image.oliveyoung.co.kr/cfimages/cf-goods/uploads/images/thumbnails/400/10/0000/0013/A00000013718037ko.jpg?l=ko,
더랩바이블랑두,[속보습] 더랩바이블랑두 올리고 히알루론산 딥 토너 500ml 대용량 기획 (+100ml),https://www.oliveyoung.co.kr/store/goods/getGoodsDetail.do?goodsNo=A000000207054&dispCatNo=1000001000100130001&t_page=카테고리관&t_click=스킨/토너_전체__상품상세&t_number=3,https://image.oliveyoung.co.kr/cfimages/cf-goods/uploads/images/thumbnails/400/10/0000/0020/A00000020705410ko.png?l=ko,
라네즈,[1등 속보습] 라네즈 크림스킨 170ml 리필+미스트 펌프 기획 (+170ml 리필+미스트펌프 증정),https://www.oliveyoung.co.kr/store/goods/getGoodsDetail.do?goodsNo=A000000217582&dispCatNo=1000001000100130001&t_page=카테고리관&t_click=스킨/토너_전체__상품상세&t_number=4,https://image.oliveyoung.co.kr/cfimages/cf-goods/uploads/images/thumbnails/400/10/0000/0021/A00000021758232ko.jpg?l=ko,
아비브,[쿨링진정] 아비브 어성초 카밍 토너 스킨부스터 200ml,https://www.oliveyoung.co.kr/store/goods/getGoodsDetail.do?goodsNo=A000000146589&dispCatNo=1000001000100130001&t_page=카테고리관&t_click=스킨/토너_전체__상품상세&t_number=5,https://image.oliveyoung.co.kr/cfimages/cf-goods/uploads/images/thumbnails/400/10/0000/0014/A00000014658912ko.jpg?l=ko,
웰라쥬,[첫수분토너] 웰라쥬 리얼 히알루로닉 100 토너 300ml 기획 (+화장솜 60매),https://www.oliveyoung.co.kr/store/goods/getGoodsDetail.do?goodsNo=A000000188874&dispCatNo=1000001000100130001&t_page=카테고리관&t_click=스킨/토너_전체__상품상세&t_number=6,https://image.oliveyoung.co.kr/cfimages/cf-goods/uploads/images/thumbnails/400/10/0000/0018/A00000018887434ko.jpg?l=ko,
넘버즈인,[쿨링진정]넘버즈인 1번 진정 맑게담은 청초토너 300ml 리필기획(+300ml 증정),https://www.oliveyoung.co.kr/store/goods/getGoodsDetail.do?goodsNo=A000000190395&dispCatNo=1000001000100130001&t_page=카테고리관&t_click=스킨/토너_전체__상품상세&t_number=7,https://image.oliveyoung.co.kr/cfimages/cf-goods/uploads/images/thumbnails/400/10/0000/0019/A00000019039510ko.jpg?l=ko,
아누아,[2024 어워즈] 아누아 어성초 수딩 토너 350ml +350ml 어워즈 한정기획(+스누피솜20매+복숭아마스크1매),https://www.oliveyoung.co.kr/store/goods/getGoodsDetail.do?goodsNo=A000000213907&dispCatNo=1000001000100130001&t_page=카테고리관&t_click=스킨/토너_전체__상품상세&t_number=8,https://image.oliveyoung.co.kr/cfimages/cf-goods/uploads/images/thumbnails/400/10/0000/0021/A00000021390707ko.png?l=ko,
에스트라,에스트라 에이시카365 수분토너 pH4.5 200ml,https://www.oliveyoung.co.kr/store/goods/getGoodsDetail.do?goodsNo=A000000218549&dispCatNo=1000001000100130001&t_page=카테고리관&t_click=스킨/토너_전체__상품상세&t_number=9,https://image.oliveyoung.co.kr/cfimages/cf-goods/uploads/images/thumbnails/400/10/0000/0021/A00000021854907ko.jpg?l=ko,
넘버즈인,[모공개선/탄력광채] 넘버즈인 3번 결광가득 에센스 토너 300ml 대용량 기획,https://www.oliveyoung.co.kr/store/goods/getGoodsDetail.do?goodsNo=A000000173589&dispCatNo=1000001000100130001&t_page=카테고리관&t_click=스킨/토너_전체__상품상세&t_number=10,https://image.oliveyoung.co.kr/cfimages/cf-goods/uploads/images/thumbnails/400/10/0000/0017/A00000017358912ko.jpg?l=ko,
파티온,[단독기획] 파티온 포도당 하이드로 에센스토너 300ml 더블 기획(2개입),https://www.oliveyoung.co.kr/store/goods/getGoodsDetail.do?goodsNo=A000000222849&dispCatNo=1000001000100130001&t_page=카테고리관&t_click=스킨/토너_전체__상품상세&t_number=11,https://image.oliveyoung.co.kr/cfimages/cf-goods/uploads/images/thumbnails/400/10/0000/0022/A00000022284906ko.png?l=ko,
마녀공장,[대용량] 마녀공장 비피다 바이옴 앰플 토너 400ml+100ml 기획,https://www.oliveyoung.co.kr/store/goods/getGoodsDetail.do?goodsNo=A000000148285&dispCatNo=1000001000100130001&t_page=카테고리관&t_click=스킨/토너_전체__상품상세&t_number=12,https://image.oliveyoung.co.kr/cfimages/cf-goods/uploads/images/thumbnails/400/10/0000/0014/A00000014828517ko.jpg?l=ko,
아누아,[대용량 기획] 아누아 어성초 77 수딩 토너 350ml 기획 (+350ml 리필팩),https://www.oliveyoung.co.kr/store/goods/getGoodsDetail.do?goodsNo=A000000211137&dispCatNo=1000001000100130001&t_page=카테고리관&t_click=스킨/토너_전체__상품상세&t_number=13,https://image.oliveyoung.co.kr/cfimages/cf-goods/uploads/images/thumbnails/400/10/0000/0021/A00000021113705ko.png?l=ko,
아누아,[단독기획] 아누아 어성초 77 수딩 토너 250ml 기획 (+로션 100ml),https://www.oliveyoung.co.kr/store/goods/getGoodsDetail.do?goodsNo=A000000216350&dispCatNo=1000001000100130001&t_page=카테고리관&t_click=스킨/토너_전체__상품상세&t_number=14,https://image.oliveyoung.co.kr/cfimages/cf-goods/uploads/images/thumbnails/400/10/0000/0021/A00000021635003ko.png?l=ko,
디오디너리,디오디너리 글리코릭 애시드 7% 엑스폴리에이팅 토너 240ml,https://www.oliveyoung.co.kr/store/goods/getGoodsDetail.do?goodsNo=A000000223625&dispCatNo=1000001000100130001&t_page=카테고리관&t_click=스킨/토너_전체__상품상세&t_number=15,https://image.oliveyoung.co.kr/cfimages/cf-goods/uploads/images/thumbnails/400/10/0000/0022/A00000022362501ko.jpg?l=ko,
라운드랩,[1등토너] 라운드랩 1025 독도 토너 200ml 기획 (+50ml),https://www.oliveyoung.co.kr/store/goods/getGoodsDetail.do?goodsNo=A000000132162&dispCatNo=1000001000100130001&t_page=카테고리관&t_click=스킨/토너_전체__상품상세&t_number=16,https://image.oliveyoung.co.kr/cfimages/cf-goods/uploads/images/thumbnails/400/10/0000/0013/A00000013216229ko.jpg?l=ko,
라운드랩,[수분생기] 라운드랩 자작나무 수분 토너 1+1 기획 (300ml+300ml),https://www.oliveyoung.co.kr/store/goods/getGoodsDetail.do?goodsNo=A000000157178&dispCatNo=1000001000100130001&t_page=카테고리관&t_click=스킨/토너_전체__상품상세&t_number=17,https://image.oliveyoung.co.kr/cfimages/cf-goods/uploads/images/thumbnails/400/10/0000/0015/A00000015717818ko.jpg?l=ko,
바이오더마,바이오더마 하이드라비오 토너 250ml,https://www.oliveyoung.co.kr/store/goods/getGoodsDetail.do?goodsNo=A000000004434&dispCatNo=1000001000100130001&t_page=카테고리관&t_click=스킨/토너_전체__상품상세&t_number=18,https://image.oliveyoung.co.kr/cfimages/cf-goods/uploads/images/thumbnails/400/10/0000/0000/A00000000443410ko.jpg?l=ko,
브링그린,[NEW] 브링그린 티트리시카수딩토너 500ml (+화장솜 60매증정),https://www.oliveyoung.co.kr/store/goods/getGoodsDetail.do?goodsNo=A000000219177&dispCatNo=1000001000100130001&t_page=카테고리관&t_click=스킨/토너_전체__상품상세&t_number=19,https://image.oliveyoung.co.kr/cfimages/cf-goods/uploads/images/thumbnails/400/10/0000/0021/A00000021917706ko.jpg?l=ko,
헤이네이처,[NEW] 헤이네이처 어성초 스킨 토너 150ml 기획 (+어성초 마스크 2매),https://www.oliveyoung.co.kr/store/goods/getGoodsDetail.do?goodsNo=A000000219435&dispCatNo=1000001000100130001&t_page=카테고리관&t_click=스킨/토너_전체__상품상세&t_number=20,https://image.oliveyoung.co.kr/cfimages/cf-goods/uploads/images/thumbnails/400/10/0000/0021/A00000021943510ko.jpg?l=ko,
메디큐브,[흔적미백]메디큐브 PDRN 핑크 시카 수딩 토너 250ml,https://www.oliveyoung.co.kr/store/goods/getGoodsDetail.do?goodsNo=A000000213492&dispCatNo=1000001000100130001&t_page=카테고리관&t_click=스킨/토너_전체__상품상세&t_number=21,https://image.oliveyoung.co.kr/cfimages/cf-goods/uploads/images/thumbnails/400/10/0000/0021/A00000021349201ko.jpg?l=ko,
닥터지,[증량] 닥터지 레드 블레미쉬 클리어 수딩 토너 500ml,https://www.oliveyoung.co.kr/store/goods/getGoodsDetail.do?goodsNo=A000000154177&dispCatNo=1000001000100130001&t_page=카테고리관&t_click=스킨/토너_전체__상품상세&t_number=22,https://image.oliveyoung.co.kr/cfimages/cf-goods/uploads/images/thumbnails/400/10/0000/0015/A00000015417707ko.jpg?l=ko,
제로이드,제로이드 인텐시브 크림 토너 200ml,https://www.oliveyoung.co.kr/store/goods/getGoodsDetail.do?goodsNo=A000000209908&dispCatNo=1000001000100130001&t_page=카테고리관&t_click=스킨/토너_전체__상품상세&t_number=23,https://image.oliveyoung.co.kr/cfimages/cf-goods/uploads/images/thumbnails/400/10/0000/0020/A00000020990802ko.jpg?l=ko,
폴라초이스,폴라초이스 스킨퍼펙팅 바하 리퀴드 118ml 기획 (+바하 리퀴드 30ml),https://www.oliveyoung.co.kr/store/goods/getGoodsDetail.do?goodsNo=A000000210550&dispCatNo=1000001000100130001&t_page=카테고리관&t_click=스킨/토너_전체__상품상세&t_number=24,https://image.oliveyoung.co.kr/cfimages/cf-goods/uploads/images/thumbnails/400/10/0000/0021/A00000021055006ko.jpg?l=ko,
리엔케이,[리뷰이벤트/주연포카증정] 리엔케이 하이퍼 히알 플럼핑 토너 200ml 기획 (+마스크 2매),https://www.oliveyoung.co.kr/store/goods/getGoodsDetail.do?goodsNo=A000000225908&dispCatNo=1000001000100130001&t_page=카테고리관&t_click=스킨/토너_전체__상품상세&t_number=25,https://image.oliveyoung.co.kr/cfimages/cf-goods/uploads/images/thumbnails/400/10/0000/0022/A00000022590807ko.png?l=ko,
한율,[시카보다 4배*강한] 한율 어린쑥 수분진정 토너 150ml,https://www.oliveyoung.co.kr/store/goods/getGoodsDetail.do?goodsNo=A000000183751&dispCatNo=1000001000100130001&t_page=카테고리관&t_click=스킨/토너_전체__상품상세&t_number=26,https://image.oliveyoung.co.kr/cfimages/cf-goods/uploads/images/thumbnails/400/10/0000/0018/A00000018375108ko.jpg?l=ko,
에스네이처,[수분진정/화해1위] 에스네이처 아쿠아 오아시스 토너 300ml 기획 (+젤크림 30ml),https://www.oliveyoung.co.kr/store/goods/getGoodsDetail.do?goodsNo=A000000213171&dispCatNo=1000001000100130001&t_page=카테고리관&t_click=스킨/토너_전체__상품상세&t_number=27,https://image.oliveyoung.co.kr/cfimages/cf-goods/uploads/images/thumbnails/400/10/0000/0021/A00000021317179ko.jpg?l=ko,
비욘드,[케로피콜라보/500ml대용량]비욘드 엔젤아쿠아 수분진정 빅토너 500ml 기획 (스마트톡 증정),https://www.oliveyoung.co.kr/store/goods/getGoodsDetail.do?goodsNo=A000000222826&dispCatNo=1000001000100130001&t_page=카테고리관&t_click=스킨/토너_전체__상품상세&t_number=28,https://image.oliveyoung.co.kr/cfimages/cf-goods/uploads/images/thumbnails/400/10/0000/0022/A00000022282606ko.jpg?l=ko,
헤브블루,헤브블루 살몬 PDRN 케어링 센텔라 토너 200ml,https://www.oliveyoung.co.kr/store/goods/getGoodsDetail.do?goodsNo=A000000199507&dispCatNo=1000001000100130001&t_page=카테고리관&t_click=스킨/토너_전체__상품상세&t_number=29,https://image.oliveyoung.co.kr/cfimages/cf-goods/uploads/images/thumbnails/400/10/0000/0019/A00000019950711ko.jpg?l=ko,
바이오더마,바이오더마 하이드라비오 토너 500ml,https://www.oliveyoung.co.kr/store/goods/getGoodsDetail.do?goodsNo=A000000174370&dispCatNo=1000001000100130001&t_page=카테고리관&t_click=스킨/토너_전체__상품상세&t_number=30,https://image.oliveyoung.co.kr/cfimages/cf-goods/uploads/images/thumbnails/400/10/0000/0017/A00000017437014ko.jpg?l=ko,
풀리,[보습/광채] 풀리 쌀 세라 에센스 토너 250ml,https://www.oliveyoung.co.kr/store/goods/getGoodsDetail.do?goodsNo=A000000224246&dispCatNo=1000001000100130001&t_page=카테고리관&t_click=스킨/토너_전체__상품상세&t_number=31,https://image.oliveyoung.co.kr/cfimages/cf-goods/uploads/images/thumbnails/400/10/0000/0022/A00000022424606ko.jpg?l=ko,
넘버즈인,[흔적미백] 넘버즈인 5번 글루타치온씨 비타수액 에센셜 토너 200ml 리필 기획(+200ml 리필),https://www.oliveyoung.co.kr/store/goods/getGoodsDetail.do?goodsNo=A000000211164&dispCatNo=1000001000100130001&t_page=카테고리관&t_click=스킨/토너_전체__상품상세&t_number=32,https://image.oliveyoung.co.kr/cfimages/cf-goods/uploads/images/thumbnails/400/10/0000/0021/A00000021116401ko.jpg?l=ko,
비욘드,비욘드 엔젤아쿠아 수분 진정 토너 500ml (비건),https://www.oliveyoung.co.kr/store/goods/getGoodsDetail.do?goodsNo=A000000163510&dispCatNo=1000001000100130001&t_page=카테고리관&t_click=스킨/토너_전체__상품상세&t_number=33,https://image.oliveyoung.co.kr/cfimages/cf-goods/uploads/images/thumbnails/400/10/0000/0016/A00000016351010ko.jpg?l=ko,
라로슈포제,라로슈포제 에빠끌라 K(+) 토너 200ml (지성 피부),https://www.oliveyoung.co.kr/store/goods/getGoodsDetail.do?goodsNo=A000000152514&dispCatNo=1000001000100130001&t_page=카테고리관&t_click=스킨/토너_전체__상품상세&t_number=34,https://image.oliveyoung.co.kr/cfimages/cf-goods/uploads/images/thumbnails/400/10/0000/0015/A00000015251403ko.jpg?l=ko,
토리든,[단독기획] 토리든 다이브인 저분자 히알루론산 토너 500ml 기획 (+화장솜 60매 증정),https://www.oliveyoung.co.kr/store/goods/getGoodsDetail.do?goodsNo=A000000180474&dispCatNo=1000001000100130001&t_page=카테고리관&t_click=스킨/토너_전체__상품상세&t_number=35,https://image.oliveyoung.co.kr/cfimages/cf-goods/uploads/images/thumbnails/400/10/0000/0018/A00000018047413ko.jpg?l=ko,
라운드랩,[민감진정] 라운드랩 포 맨 소나무 진정 시카 토너 200ml,https://www.oliveyoung.co.kr/store/goods/getGoodsDetail.do?goodsNo=A000000199153&dispCatNo=1000001000100130001&t_page=카테고리관&t_click=스킨/토너_전체__상품상세&t_number=36,https://image.oliveyoung.co.kr/cfimages/cf-goods/uploads/images/thumbnails/400/10/0000/0019/A00000019915301ko.jpg?l=ko,
토리든,토리든 다이브인 포맨 저분자 히알루론산 스킨 300ml,https://www.oliveyoung.co.kr/store/goods/getGoodsDetail.do?goodsNo=A000000206694&dispCatNo=1000001000100130001&t_page=카테고리관&t_click=스킨/토너_전체__상품상세&t_number=37,https://image.oliveyoung.co.kr/cfimages/cf-goods/uploads/images/thumbnails/400/10/0000/0020/A00000020669410ko.jpg?l=ko,
유세린,[1+1] 유세린 더모퓨리파이어 토너 더블 기획 (200ml+200ml),https://www.oliveyoung.co.kr/store/goods/getGoodsDetail.do?goodsNo=A000000205340&dispCatNo=1000001000100130001&t_page=카테고리관&t_click=스킨/토너_전체__상품상세&t_number=38,https://image.oliveyoung.co.kr/cfimages/cf-goods/uploads/images/thumbnails/400/10/0000/0020/A00000020534001ko.jpg?l=ko,
디오디너리,디오디너리 글리코릭 애시드 7% 엑스폴리에이팅 토너 100ml,https://www.oliveyoung.co.kr/store/goods/getGoodsDetail.do?goodsNo=A000000223627&dispCatNo=1000001000100130001&t_page=카테고리관&t_click=스킨/토너_전체__상품상세&t_number=39,https://image.oliveyoung.co.kr/cfimages/cf-goods/uploads/images/thumbnails/400/10/0000/0022/A00000022362701ko.jpg?l=ko,
토니모리,토니모리 원더 세라마이드 모찌 토너 500ml 기획 (+100ml +크림 30ml),https://www.oliveyoung.co.kr/store/goods/getGoodsDetail.do?goodsNo=A000000224086&dispCatNo=1000001000100130001&t_page=카테고리관&t_click=스킨/토너_전체__상품상세&t_number=40,https://image.oliveyoung.co.kr/cfimages/cf-goods/uploads/images/thumbnails/400/10/0000/0022/A00000022408601ko.png?l=ko,
메이크프렘,메이크프렘 인테카 진정 토너 200ml 기획 (+리필 100ml+크림 31ml),https://www.oliveyoung.co.kr/store/goods/getGoodsDetail.do?goodsNo=A000000181475&dispCatNo=1000001000100130001&t_page=카테고리관&t_click=스킨/토너_전체__상품상세&t_number=41,https://image.oliveyoung.co.kr/cfimages/cf-goods/uploads/images/thumbnails/400/10/0000/0018/A00000018147509ko.jpg?l=ko,
마녀공장,마녀공장 판테토인 에센스 토너 200ml,https://www.oliveyoung.co.kr/store/goods/getGoodsDetail.do?goodsNo=A000000199405&dispCatNo=1000001000100130001&t_page=카테고리관&t_click=스킨/토너_전체__상품상세&t_number=42,https://image.oliveyoung.co.kr/cfimages/cf-goods/uploads/images/thumbnails/400/10/0000/0019/A00000019940516ko.jpg?l=ko,
더랩바이블랑두,[속보습] 더랩바이블랑두 저분자 히알루론산 딥 토너 200ml + 50ml 기획,https://www.oliveyoung.co.kr/store/goods/getGoodsDetail.do?goodsNo=A000000189488&dispCatNo=1000001000100130001&t_page=카테고리관&t_click=스킨/토너_전체__상품상세&t_number=43,https://image.oliveyoung.co.kr/cfimages/cf-goods/uploads/images/thumbnails/400/10/0000/0018/A00000018948817ko.png?l=ko,
필킨,[대용량/수분진정] 필킨X약손명가 리밸런싱 마일드 펌핑 토너 300ml,https://www.oliveyoung.co.kr/store/goods/getGoodsDetail.do?goodsNo=A000000224812&dispCatNo=1000001000100130001&t_page=카테고리관&t_click=스킨/토너_전체__상품상세&t_number=44,https://image.oliveyoung.co.kr/cfimages/cf-goods/uploads/images/thumbnails/400/10/0000/0022/A00000022481201ko.jpg?l=ko,
브링그린,[피지쓱싹] 브링그린 티트리시카수딩토너 250mL,https://www.oliveyoung.co.kr/store/goods/getGoodsDetail.do?goodsNo=A000000185109&dispCatNo=1000001000100130001&t_page=카테고리관&t_click=스킨/토너_전체__상품상세&t_number=45,https://image.oliveyoung.co.kr/cfimages/cf-goods/uploads/images/thumbnails/400/10/0000/0018/A00000018510905ko.jpg?l=ko,
유세린,[1+1/모공케어] 유세린 더머토클린 클래리파잉 토너 더블기획 (200ml+200ml),https://www.oliveyoung.co.kr/store/goods/getGoodsDetail.do?goodsNo=A000000141900&dispCatNo=1000001000100130001&t_page=카테고리관&t_click=스킨/토너_전체__상품상세&t_number=46,https://image.oliveyoung.co.kr/cfimages/cf-goods/uploads/images/thumbnails/400/10/0000/0014/A00000014190009ko.jpg?l=ko,
닥터지,[NEW] 닥터지 레드 블레미쉬 클리어 모이스처 토너세트 (본품 300ml+크림30ml),https://www.oliveyoung.co.kr/store/goods/getGoodsDetail.do?goodsNo=A000000174023&dispCatNo=1000001000100130001&t_page=카테고리관&t_click=스킨/토너_전체__상품상세&t_number=47,https://image.oliveyoung.co.kr/cfimages/cf-goods/uploads/images/thumbnails/400/10/0000/0017/A00000017402312ko.jpg?l=ko,
바이오힐 보,[NEW] 바이오힐 보 프로바이오덤 3D 리프팅 에센셜 토너 150ml,https://www.oliveyoung.co.kr/store/goods/getGoodsDetail.do?goodsNo=A000000203207&dispCatNo=1000001000100130001&t_page=카테고리관&t_click=스킨/토너_전체__상품상세&t_number=48,https://image.oliveyoung.co.kr/cfimages/cf-goods/uploads/images/thumbnails/400/10/0000/0020/A00000020320705ko.jpg?l=ko,
